USE `prometheus-uia`;
set names utf8;

SET FOREIGN_KEY_CHECKS=0;
-- 菜单管理
INSERT INTO `sys_menu`(`id`, `app_id`, `menu_code`, `menu_name`, `menu_alias`, `router_url`, `menu_component`, `icon`, `sort_index`, `parent_id`, `show_type`, `restrict_flag`, `dynamic_flag`, `dynamic_url`, `sub_router_type`, `sub_router_url`, `position`, `extra_param`, `tier_level`, `tier_path`, `create_user`, `leaf_flag`, `create_time`, `update_user`, `update_time`) VALUES ('85f29f7b59094d00895537ffece92b1a', NULL, 'visualization-dashboard', '报表设计', NULL, '/index', NULL, 'desktop', 2, NULL, '0', NULL, 0, '', 1, '/visualization/dashboard', 1, NULL, 1, '_85f29f7b59094d00895537ffece92b1a', 'sysadmin', 1, '2020-09-04 06:58:13', 'sysadmin', '2020-09-04 06:58:13');
INSERT INTO `sys_menu`(`id`, `app_id`, `menu_code`, `menu_name`, `menu_alias`, `router_url`, `menu_component`, `icon`, `sort_index`, `parent_id`, `show_type`, `restrict_flag`, `dynamic_flag`, `dynamic_url`, `sub_router_type`, `sub_router_url`, `position`, `extra_param`, `tier_level`, `tier_path`, `create_user`, `leaf_flag`, `create_time`, `update_user`, `update_time`) VALUES ('f9943742773449cdb6297fbb2579bcc1', NULL, 'visualization', '模型管理', NULL, '/index', NULL, 'desktop', 2, NULL, '1', NULL, 0, '', 1, '', 1, NULL, 1, '_f9943742773449cdb6297fbb2579bcc1', 'sysadmin', 0, '2020-09-04 06:58:29', 'sysadmin', '2020-09-04 06:58:29');
INSERT INTO `sys_menu`(`id`, `app_id`, `menu_code`, `menu_name`, `menu_alias`, `router_url`, `menu_component`, `icon`, `sort_index`, `parent_id`, `show_type`, `restrict_flag`, `dynamic_flag`, `dynamic_url`, `sub_router_type`, `sub_router_url`, `position`, `extra_param`, `tier_level`, `tier_path`, `create_user`, `leaf_flag`, `create_time`, `update_user`, `update_time`) VALUES ('70f455925ac54860b01dcdc01bf6263c', NULL, 'visualization-datasource', '数据源', NULL, '/index', NULL, 'desktop', 1, 'f9943742773449cdb6297fbb2579bcc1', '0', NULL, 0, '', 1, '/visualization/datasource', 1, NULL, 2, '_f9943742773449cdb6297fbb2579bcc1_70f455925ac54860b01dcdc01bf6263c', 'sysadmin', 1, '2020-09-04 07:39:08', 'sysadmin', '2020-09-04 07:39:08');
INSERT INTO `sys_menu`(`id`, `app_id`, `menu_code`, `menu_name`, `menu_alias`, `router_url`, `menu_component`, `icon`, `sort_index`, `parent_id`, `show_type`, `restrict_flag`, `dynamic_flag`, `dynamic_url`, `sub_router_type`, `sub_router_url`, `position`, `extra_param`, `tier_level`, `tier_path`, `create_user`, `leaf_flag`, `create_time`, `update_user`, `update_time`) VALUES ('001c637afe104affb2533f6d6b0ec073', NULL, 'visualization-data-model', '数据模型', NULL, '/index', NULL, 'desktop', 2, 'f9943742773449cdb6297fbb2579bcc1', '0', NULL, 0, '', 1, '/visualization/data-model', 1, NULL, 2, '_f9943742773449cdb6297fbb2579bcc1_001c637afe104affb2533f6d6b0ec073', 'sysadmin', 1, '2020-09-04 07:38:59', 'sysadmin', '2020-09-04 07:38:59');
INSERT INTO `sys_menu`(`id`, `app_id`, `menu_code`, `menu_name`, `menu_alias`, `router_url`, `menu_component`, `icon`, `sort_index`, `parent_id`, `show_type`, `restrict_flag`, `dynamic_flag`, `dynamic_url`, `sub_router_type`, `sub_router_url`, `position`, `extra_param`, `tier_level`, `tier_path`, `create_user`, `leaf_flag`, `create_time`, `update_user`, `update_time`) VALUES ('6500ce4dd18c4f308e5f2a5c750bfcd0', NULL, 'visualization-data-mapping', '数据映射', '', '/index', NULL, 'desktop', 3, 'f9943742773449cdb6297fbb2579bcc1', '0', NULL, 0, '', 1, '/visualization/data-mapping', 1, NULL, 2, '_f9943742773449cdb6297fbb2579bcc1_6500ce4dd18c4f308e5f2a5c750bfcd0', 'sysadmin', 1, '2020-09-04 07:38:49', 'sysadmin', '2020-09-04 07:38:49');
INSERT INTO `sys_menu`(`id`, `app_id`, `menu_code`, `menu_name`, `menu_alias`, `router_url`, `menu_component`, `icon`, `sort_index`, `parent_id`, `show_type`, `restrict_flag`, `dynamic_flag`, `dynamic_url`, `sub_router_type`, `sub_router_url`, `position`, `extra_param`, `tier_level`, `tier_path`, `create_user`, `leaf_flag`, `create_time`, `update_user`, `update_time`) VALUES ('73af20425376469ba7eb9e9e709c32af', NULL, 'visualization-component-type', '组件分组', NULL, '/index', NULL, 'desktop', 6, 'f9943742773449cdb6297fbb2579bcc1', '0', NULL, 0, '', 1, '/visualization/component-type', 1, NULL, 2, '_f9943742773449cdb6297fbb2579bcc1_73af20425376469ba7eb9e9e709c32af', 'sysadmin', 1, '2020-09-04 07:38:39', 'sysadmin', '2020-09-04 07:38:39');
INSERT INTO `sys_menu`(`id`, `app_id`, `menu_code`, `menu_name`, `menu_alias`, `router_url`, `menu_component`, `icon`, `sort_index`, `parent_id`, `show_type`, `restrict_flag`, `dynamic_flag`, `dynamic_url`, `sub_router_type`, `sub_router_url`, `position`, `extra_param`, `tier_level`, `tier_path`, `create_user`, `leaf_flag`, `create_time`, `update_user`, `update_time`) VALUES ('327b218902744fa1a94c09c28ee61096', NULL, 'visualization-component-manage', '组件管理', NULL, '/index', NULL, 'desktop', 5, 'f9943742773449cdb6297fbb2579bcc1', '0', NULL, 0, '', 1, '/visualization/component-manage', 1, NULL, 2, '_f9943742773449cdb6297fbb2579bcc1_327b218902744fa1a94c09c28ee61096', 'sysadmin', 1, '2020-08-21 05:31:10', 'sysadmin', '2020-08-21 05:31:10');
INSERT INTO `sys_menu`(`id`, `app_id`, `menu_code`, `menu_name`, `menu_alias`, `router_url`, `menu_component`, `icon`, `sort_index`, `parent_id`, `show_type`, `restrict_flag`, `dynamic_flag`, `dynamic_url`, `sub_router_type`, `sub_router_url`, `position`, `extra_param`, `tier_level`, `tier_path`, `create_user`, `leaf_flag`, `create_time`, `update_user`, `update_time`) VALUES ('c5c4be0b49554dbda6c190d505295a47', NULL, 'visualization-report-preview', '报表分析', NULL, '/index', NULL, 'desktop', 1, NULL, '0', NULL, 0, '', 1, '/visualization/report-preview', 1, NULL, 1, '_c5c4be0b49554dbda6c190d505295a47', 'sysadmin', 1, '2020-09-04 06:58:06', 'sysadmin', '2020-09-04 06:58:06');

-- 角色
INSERT INTO `sys_role`(`id`, `app_id`, `role_name`, `organization_id`, `admin_flag`, `public_flag`, `role_type`, `remark`, `del_flag`, `del_reason`, `create_time`, `create_user`, `update_time`, `update_user`) VALUES ('48c3e932b71f451eb8dc3102570db918', NULL, '分析模型管理员', NULL, 0, 0, 99, '分析模型管理员', 0, NULL, '2020-08-21 05:44:57', 'secadmin', NULL, NULL);
INSERT INTO `sys_role`(`id`, `app_id`, `role_name`, `organization_id`, `admin_flag`, `public_flag`, `role_type`, `remark`, `del_flag`, `del_reason`, `create_time`, `create_user`, `update_time`, `update_user`) VALUES ('3cc33c58f90743bab0625f668b1b0456', NULL, '操作员', NULL, 0, 0, 99, '操作员', 0, NULL, '2020-08-21 05:46:03', 'secadmin', NULL, NULL);
-- 角色菜单关系表
INSERT INTO `sys_rel_menu_role`(`role_id`, `menu_id`) VALUES ('48c3e932b71f451eb8dc3102570db918', '001c637afe104affb2533f6d6b0ec073');
INSERT INTO `sys_rel_menu_role`(`role_id`, `menu_id`) VALUES ('48c3e932b71f451eb8dc3102570db918', '327b218902744fa1a94c09c28ee61096');
INSERT INTO `sys_rel_menu_role`(`role_id`, `menu_id`) VALUES ('48c3e932b71f451eb8dc3102570db918', '6500ce4dd18c4f308e5f2a5c750bfcd0');
INSERT INTO `sys_rel_menu_role`(`role_id`, `menu_id`) VALUES ('48c3e932b71f451eb8dc3102570db918', '70f455925ac54860b01dcdc01bf6263c');
INSERT INTO `sys_rel_menu_role`(`role_id`, `menu_id`) VALUES ('48c3e932b71f451eb8dc3102570db918', '73af20425376469ba7eb9e9e709c32af');
INSERT INTO `sys_rel_menu_role`(`role_id`, `menu_id`) VALUES ('3cc33c58f90743bab0625f668b1b0456', '85f29f7b59094d00895537ffece92b1a');
INSERT INTO `sys_rel_menu_role`(`role_id`, `menu_id`) VALUES ('3cc33c58f90743bab0625f668b1b0456', 'c5c4be0b49554dbda6c190d505295a47');